{
  "metrics": {
    "Connectives": {
      "CNCAll": 61.224489795918366,
      "CNCAdd": 61.224489795918366,
      "CNCADC": 0.0,
      "CNCLogic": 61.224489795918366,
      "CNCCaus": 0.0,
      "CNCTemp": 0.0
    },
    "Descriptives": {
      "DESWC": 147.0,
      "DESPL": 1.0,
      "DESSL": 6.125,
      "DESSLd": 3.4680216136932422,
      "DESWLsyd": 0.956124410698511,
      "DESPLd": 0.0,
      "DESPC": 24.0,
      "DESWLltd": 2.278363915241982,
      "DESSC": 24.0,
      "DESWLsy": 2.1020408163265305,
      "DESWLlt": 5.204081632653063
    },
    "Syntactic Complexity": {
      "SYNNP": 0.7794117647058824
    },
    "Syntactic Pattern Density": {
      "DRNP": 0.0,
      "DRNEG": 0.0,
      "DRVP": 6.0
    },
    "Lexical Diversity": {
      "LDTTRa": 0.3756906077348066,
      "LDTTRc": 0.4420289855072464
    },
    "Readability": {
      "RDFFGL": 67.19268914195513
    },
    "Referential Cohesion": {
      "CRFNO1": 0.6521739130434782,
      "CRFNOa": 0.5486111111111097,
      "CRFCWOa": 0.1883246912239967,
      "CRFCWO1": 0.24357537961656953,
      "CRFAO1": 0.6521739130434782,
      "CRFAOa": 0.5833333333333326,
      "CRFANP1a": 0.0,
      "CRFSOa": 0.5590277777777778,
      "CRFSO1": 0.6521739130434782,
      "CRFANP1": 0.0,
      "CRFCWOad": 0.16740456483187804,
      "CRFCWO1d": 0.15447010326036198
    },
    "Word Information": {
      "WRDPRP2": 0.0,
      "WRDADV": 20.408163265306122,
      "WRDADJ": 238.0952380952381,
      "WRDPRP1p": 0.0,
      "WRDVERB": 54.42176870748299,
      "WRDPRP3s": 0.0,
      "WRDPRP1s": 0.0,
      "WRDNOUN": 428.57142857142856,
      "WRDPRO": 0.0,
      "WRDPRP3p": 0.0
    }
  }
}