{
  "metrics": {
    "Connectives": {
      "CNCAll": 82.56880733944953,
      "CNCAdd": 52.75229357798165,
      "CNCADC": 16.05504587155963,
      "CNCLogic": 55.04587155963303,
      "CNCCaus": 4.587155963302752,
      "CNCTemp": 11.46788990825688
    },
    "Descriptives": {
      "DESWC": 436.0,
      "DESPL": 1.0,
      "DESSL": 11.473684210526315,
      "DESSLd": 8.10317536059839,
      "DESWLsyd": 1.0362892413576779,
      "DESPLd": 0.0,
      "DESPC": 38.0,
      "DESWLltd": 2.3722033935159943,
      "DESSC": 38.0,
      "DESWLsy": 1.9059633027522933,
      "DESWLlt": 4.144495412844036
    },
    "Syntactic Complexity": {
      "SYNNP": 0.5071428571428571
    },
    "Syntactic Pattern Density": {
      "DRNP": 0.0,
      "DRNEG": 7.0,
      "DRVP": 33.0
    },
    "Lexical Diversity": {
      "LDTTRa": 0.41164658634538154,
      "LDTTRc": 0.472636815920398
    },
    "Readability": {
      "RDFFGL": 84.69906930474193
    },
    "Referential Cohesion": {
      "CRFNO1": 0.3783783783783784,
      "CRFNOa": 0.22229916897506868,
      "CRFCWOa": 0.06961528382691462,
      "CRFCWO1": 0.10416987653373067,
      "CRFAO1": 0.4864864864864865,
      "CRFAOa": 0.3185595567867037,
      "CRFANP1a": 0.0,
      "CRFSOa": 0.26315789473684176,
      "CRFSO1": 0.40540540540540543,
      "CRFANP1": 0.0,
      "CRFCWOad": 0.09340037236858435,
      "CRFCWO1d": 0.08819270922394179
    },
    "Word Information": {
      "WRDPRP2": 2.293577981651376,
      "WRDADV": 73.39449541284404,
      "WRDADJ": 48.1651376146789,
      "WRDPRP1p": 2.293577981651376,
      "WRDVERB": 217.88990825688074,
      "WRDPRP3s": 6.8807339449541285,
      "WRDPRP1s": 0.0,
      "WRDNOUN": 240.8256880733945,
      "WRDPRO": 16.05504587155963,
      "WRDPRP3p": 4.587155963302752
    }
  }
}