{
  "metrics": {
    "Connectives": {
      "CNCAll": 63.858695652173914,
      "CNCAdd": 40.76086956521739,
      "CNCADC": 10.869565217391305,
      "CNCLogic": 36.68478260869565,
      "CNCCaus": 5.434782608695652,
      "CNCTemp": 9.51086956521739
    },
    "Descriptives": {
      "DESWC": 736.0,
      "DESPL": 1.0454545454545454,
      "DESSL": 32.0,
      "DESSLd": 19.619100155437582,
      "DESWLsyd": 1.2248988151535987,
      "DESPLd": 0.21320071635561053,
      "DESPC": 22.0,
      "DESWLltd": 2.751834845383598,
      "DESSC": 23.0,
      "DESWLsy": 1.9592391304347827,
      "DESWLlt": 4.351902173913043
    },
    "Syntactic Complexity": {
      "SYNNP": 0.6435643564356436
    },
    "Syntactic Pattern Density": {
      "DRNP": 0.0,
      "DRNEG": 7.0,
      "DRVP": 21.0
    },
    "Lexical Diversity": {
      "LDTTRa": 0.39564660691421255,
      "LDTTRc": 0.42424242424242425
    },
    "Readability": {
      "RDFFGL": 86.2818109447197
    },
    "Referential Cohesion": {
      "CRFNO1": 0.1818181818181818,
      "CRFNOa": 0.2967863894139886,
      "CRFCWOa": 0.12284687589626485,
      "CRFCWO1": 0.11265918058301881,
      "CRFAO1": 0.8636363636363634,
      "CRFAOa": 0.7051039697542534,
      "CRFANP1a": 0.0,
      "CRFSOa": 0.3799621928166351,
      "CRFSO1": 0.31818181818181823,
      "CRFANP1": 0.0,
      "CRFCWOad": 0.10768486635079107,
      "CRFCWO1d": 0.06687230890975845
    },
    "Word Information": {
      "WRDPRP2": 5.434782608695652,
      "WRDADV": 35.32608695652174,
      "WRDADJ": 77.44565217391305,
      "WRDPRP1p": 1.358695652173913,
      "WRDVERB": 184.7826086956522,
      "WRDPRP3s": 8.152173913043478,
      "WRDPRP1s": 54.34782608695652,
      "WRDNOUN": 241.84782608695653,
      "WRDPRO": 70.65217391304348,
      "WRDPRP3p": 1.358695652173913
    }
  }
}