{
  "metrics": {
    "Connectives": {
      "CNCAll": 50.053248136315226,
      "CNCAdd": 35.14376996805112,
      "CNCADC": 5.324813631522897,
      "CNCLogic": 31.94888178913738,
      "CNCCaus": 2.1299254526091587,
      "CNCTemp": 8.519701810436635
    },
    "Descriptives": {
      "DESWC": 939.0,
      "DESPL": 1.2307692307692308,
      "DESSL": 29.34375,
      "DESSLd": 18.056558767277032,
      "DESWLsyd": 1.443833989507865,
      "DESPLd": 0.4296689244236597,
      "DESPC": 26.0,
      "DESWLltd": 3.185578713839231,
      "DESSC": 32.0,
      "DESWLsy": 2.1288604898828543,
      "DESWLlt": 4.795527156549522
    },
    "Syntactic Complexity": {
      "SYNNP": 0.46864686468646866
    },
    "Syntactic Pattern Density": {
      "DRNP": 0.0,
      "DRNEG": 8.0,
      "DRVP": 31.0
    },
    "Lexical Diversity": {
      "LDTTRa": 0.40210711150131695,
      "LDTTRc": 0.4893854748603352
    },
    "Readability": {
      "RDFFGL": 76.24269896523771
    },
    "Referential Cohesion": {
      "CRFNO1": 0.6451612903225806,
      "CRFNOa": 0.4384765625,
      "CRFCWOa": 0.11477445871118906,
      "CRFCWO1": 0.12180085590443367,
      "CRFAO1": 0.7419354838709677,
      "CRFAOa": 0.580078125,
      "CRFANP1a": 0.0,
      "CRFSOa": 0.4921875,
      "CRFSO1": 0.7096774193548387,
      "CRFANP1": 0.0,
      "CRFCWOad": 0.09349806637438783,
      "CRFCWO1d": 0.07383323931935182
    },
    "Word Information": {
      "WRDPRP2": 4.259850905218317,
      "WRDADV": 39.40362087326944,
      "WRDADJ": 41.533546325878596,
      "WRDPRP1p": 0.0,
      "WRDVERB": 258.7859424920128,
      "WRDPRP3s": 5.324813631522897,
      "WRDPRP1s": 2.1299254526091587,
      "WRDNOUN": 292.8647497337593,
      "WRDPRO": 12.779552715654953,
      "WRDPRP3p": 1.0649627263045793
    }
  }
}