{
  "metrics": {
    "Connectives": {
      "CNCAll": 71.42857142857143,
      "CNCAdd": 47.61904761904762,
      "CNCADC": 7.936507936507937,
      "CNCLogic": 39.682539682539684,
      "CNCCaus": 0.0,
      "CNCTemp": 15.873015873015873
    },
    "Descriptives": {
      "DESWC": 126.0,
      "DESPL": 1.0526315789473684,
      "DESSL": 6.299999999999999,
      "DESSLd": 4.193980649002869,
      "DESWLsyd": 0.888301393154016,
      "DESPLd": 0.22941573387056177,
      "DESPC": 19.0,
      "DESWLltd": 2.1981232976669047,
      "DESSC": 20.0,
      "DESWLsy": 1.7936507936507937,
      "DESWLlt": 3.984126984126984
    },
    "Syntactic Complexity": {
      "SYNNP": 0.6666666666666666
    },
    "Syntactic Pattern Density": {
      "DRNP": 0.0,
      "DRNEG": 0.0,
      "DRVP": 16.0
    },
    "Lexical Diversity": {
      "LDTTRa": 0.5833333333333334,
      "LDTTRc": 0.6218487394957983
    },
    "Readability": {
      "RDFFGL": 85.05428571428571
    },
    "Referential Cohesion": {
      "CRFNO1": 0.05263157894736842,
      "CRFNOa": 0.09499999999999999,
      "CRFCWOa": 0.05510429278050288,
      "CRFCWO1": 0.06722076294218894,
      "CRFAO1": 0.10526315789473686,
      "CRFAOa": 0.10500000000000001,
      "CRFANP1a": 0.0,
      "CRFSOa": 0.11999999999999993,
      "CRFSO1": 0.10526315789473686,
      "CRFANP1": 0.0,
      "CRFCWOad": 0.11619385558870435,
      "CRFCWO1d": 0.09501098709252187
    },
    "Word Information": {
      "WRDPRP2": 0.0,
      "WRDADV": 39.682539682539684,
      "WRDADJ": 71.42857142857143,
      "WRDPRP1p": 0.0,
      "WRDVERB": 190.47619047619048,
      "WRDPRP3s": 7.936507936507937,
      "WRDPRP1s": 31.746031746031747,
      "WRDNOUN": 301.58730158730157,
      "WRDPRO": 39.682539682539684,
      "WRDPRP3p": 0.0
    }
  }
}