{
  "metrics": {
    "Connectives": {
      "CNCAll": 31.79650238473768,
      "CNCAdd": 12.718600953895072,
      "CNCADC": 12.718600953895072,
      "CNCLogic": 12.718600953895072,
      "CNCCaus": 3.179650238473768,
      "CNCTemp": 6.359300476947536
    },
    "Descriptives": {
      "DESWC": 629.0,
      "DESPL": 2.3076923076923075,
      "DESSL": 20.966666666666665,
      "DESSLd": 17.418744032741305,
      "DESWLsyd": 1.029763737238306,
      "DESPLd": 1.436698494501391,
      "DESPC": 13.0,
      "DESWLltd": 2.4656552504355846,
      "DESSC": 30.0,
      "DESWLsy": 1.942766295707472,
      "DESWLlt": 4.365659777424483
    },
    "Syntactic Complexity": {
      "SYNNP": 0.676923076923077
    },
    "Syntactic Pattern Density": {
      "DRNP": 0.0,
      "DRNEG": 7.0,
      "DRVP": 28.0
    },
    "Lexical Diversity": {
      "LDTTRa": 0.3847167325428195,
      "LDTTRc": 0.4469820554649266
    },
    "Readability": {
      "RDFFGL": 86.24240170419199
    },
    "Referential Cohesion": {
      "CRFNO1": 0.6206896551724137,
      "CRFNOa": 0.5466666666666664,
      "CRFCWOa": 0.11430633259895583,
      "CRFCWO1": 0.12003586402531047,
      "CRFAO1": 0.6551724137931035,
      "CRFAOa": 0.6322222222222211,
      "CRFANP1a": 0.0,
      "CRFSOa": 0.580000000000001,
      "CRFSO1": 0.6206896551724137,
      "CRFANP1": 0.0,
      "CRFCWOad": 0.10115196241980728,
      "CRFCWO1d": 0.08765111384497334
    },
    "Word Information": {
      "WRDPRP2": 7.94912559618442,
      "WRDADV": 60.41335453100159,
      "WRDADJ": 89.0302066772655,
      "WRDPRP1p": 3.179650238473768,
      "WRDVERB": 166.93163751987282,
      "WRDPRP3s": 15.89825119236884,
      "WRDPRP1s": 4.769475357710652,
      "WRDNOUN": 292.52782193958666,
      "WRDPRO": 39.7456279809221,
      "WRDPRP3p": 7.94912559618442
    }
  }
}